File,Gaussian_Peak_Count
cornix_00001_1.wav,1
cornix_00001_2.wav,4
cornix_00001_3.wav,2
cornix_00001_4.wav,2
cornix_00002_1.wav,3
cornix_00003_1.wav,1
cornix_00004_1.wav,3
cornix_00006_1.wav,1
cornix_00006_2.wav,1
cornix_00008_1.wav,3
cornix_00008_2.wav,2
cornix_00009_1.wav,1
cornix_00010_1.wav,6
cornix_00011_1.wav,1
cornix_00013_1.wav,2
cornix_00013_2.wav,1
cornix_00013_3.wav,1
cornix_00014_1.wav,3
cornix_00014_2.wav,1
cornix_00014_3.wav,4
cornix_00015_1.wav,2
cornix_00015_2.wav,5
cornix_00015_3.wav,5
cornix_00015_4.wav,5
cornix_00016_1.wav,6
cornix_00017_1.wav,2
cornix_00018_1.wav,6
cornix_00019_1.wav,2
cornix_00019_2.wav,2
cornix_00019_3.wav,2
cornix_00019_4.wav,2
cornix_00020_1.wav,4
cornix_00020_2.wav,2
cornix_00020_3.wav,2
cornix_00020_4.wav,4
cornix_00020_5.wav,2
cornix_00023_1.wav,1
cornix_00023_2.wav,4
cornix_00023_3.wav,1
cornix_00023_4.wav,1
cornix_00023_5.wav,2
cornix_00023_6.wav,3
cornix_00024_1.wav,5
cornix_00024_2.wav,2
cornix_00025_1.wav,6
cornix_00026_1.wav,3
cornix_00026_2.wav,1
cornix_00027_1.wav,4
cornix_00028_1.wav,3
cornix_00029_1.wav,3
cornix_00029_2.wav,2
cornix_00029_3.wav,3
cornix_00029_4.wav,2
cornix_00029_5.wav,5
cornix_00029_6.wav,3
cornix_00029_7.wav,3
cornix_00030_1.wav,4
cornix_00031_1.wav,2
cornix_00031_2.wav,0
cornix_00031_3.wav,2
cornix_00031_4.wav,1
cornix_00031_5.wav,0
cornix_00031_6.wav,4
cornix_00032_1.wav,3
cornix_00032_2.wav,7
cornix_00033_1.wav,3
cornix_00033_2.wav,4
cornix_00033_3.wav,4
cornix_00033_4.wav,4
cornix_00033_5.wav,3
cornix_00033_6.wav,2
cornix_00033_7.wav,2
cornix_00033_8.wav,4
cornix_00033_9.wav,1
cornix_00036_1.wav,4
cornix_00037_1.wav,4
cornix_00038_1.wav,4
cornix_00039_1.wav,3
cornix_00040_1.wav,5
cornix_00040_2.wav,1
cornix_00040_3.wav,2
cornix_00040_4.wav,2
cornix_00040_5.wav,6
cornix_00041_1.wav,3
cornix_00041_2.wav,1
cornix_00041_3.wav,1
cornix_00041_4.wav,2
cornix_00041_5.wav,2
cornix_00042_1.wav,3
cornix_00042_2.wav,7
cornix_00043_1.wav,2
cornix_00044_1.wav,5
cornix_00046_1.wav,4
cornix_00046_2.wav,7
cornix_00046_3.wav,4
cornix_00046_4.wav,2
cornix_00046_5.wav,1
cornix_00046_6.wav,7
cornix_00047_1.wav,2
cornix_00047_2.wav,3
cornix_00048_1.wav,4
cornix_00048_2.wav,5
cornix_00048_3.wav,3
cornix_00050_1.wav,3
cornix_00050_2.wav,3
cornix_00050_3.wav,7
cornix_00051_1.wav,2
cornix_00051_2.wav,7
cornix_00051_3.wav,5
cornix_00052_1.wav,2
cornix_00052_2.wav,1
cornix_00052_3.wav,4
cornix_00053_1.wav,2
cornix_00055_1.wav,2
cornix_00056_1.wav,5
cornix_00056_2.wav,2
cornix_00056_3.wav,1
cornix_00056_4.wav,2
cornix_00056_5.wav,2
cornix_00056_6.wav,2
cornix_00056_7.wav,2
cornix_00057_1.wav,1
cornix_00057_2.wav,5
cornix_00057_3.wav,4
cornix_00057_4.wav,4
cornix_00057_5.wav,4
cornix_00057_6.wav,1
cornix_00057_7.wav,4
cornix_00057_8.wav,3
cornix_00058_1.wav,4
cornix_00059_1.wav,6
cornix_00060_1.wav,5
cornix_00060_2.wav,4
cornix_00061_1.wav,3
cornix_00062_1.wav,8
cornix_00063_1.wav,4
cornix_00064_1.wav,4
cornix_00065_1.wav,4
cornix_00065_2.wav,2
cornix_00066_1.wav,2
cornix_00067_1.wav,4
cornix_00068_1.wav,3
cornix_00068_2.wav,2
cornix_00068_3.wav,1
cornix_00068_4.wav,2
cornix_00068_5.wav,3
cornix_00069_1.wav,4
cornix_00070_1.wav,4
cornix_00071_1.wav,2
cornix_00071_2.wav,3
cornix_00071_3.wav,2
cornix_00071_4.wav,6
cornix_00071_5.wav,4
cornix_00071_6.wav,4
cornix_00071_7.wav,2
cornix_00072_1.wav,2
cornix_00072_2.wav,4
cornix_00073_1.wav,1
cornix_00073_2.wav,1
cornix_00073_3.wav,1
cornix_00073_4.wav,1
cornix_00073_5.wav,1
cornix_00073_6.wav,1
cornix_00075_1.wav,6
cornix_00076_1.wav,6
cornix_00077_1.wav,1
cornix_00080_1.wav,2
cornix_00081_1.wav,2
cornix_00081_2.wav,1
cornix_00081_3.wav,2
cornix_00082_1.wav,2
cornix_00085_1.wav,4
cornix_00086_1.wav,3
cornix_00086_2.wav,3
cornix_00086_3.wav,4
cornix_00087_1.wav,2
cornix_00087_2.wav,2
cornix_00088_1.wav,3
cornix_00088_2.wav,6
cornix_00088_3.wav,2
cornix_00088_4.wav,7
cornix_00088_5.wav,2
cornix_00089_1.wav,6
cornix_00090_1.wav,2
cornix_00090_2.wav,4
cornix_00090_3.wav,7
cornix_00091_1.wav,2
cornix_00094_1.wav,6
cornix_00095_1.wav,4
cornix_00095_10.wav,1
cornix_00095_11.wav,1
cornix_00095_12.wav,1
cornix_00095_13.wav,1
cornix_00095_14.wav,1
cornix_00095_15.wav,1
cornix_00095_16.wav,1
cornix_00095_17.wav,1
cornix_00095_18.wav,1
cornix_00095_19.wav,1
cornix_00095_2.wav,1
cornix_00095_20.wav,1
cornix_00095_21.wav,1
cornix_00095_22.wav,1
cornix_00095_3.wav,1
cornix_00095_4.wav,1
cornix_00095_5.wav,1
cornix_00095_6.wav,1
cornix_00095_7.wav,2
cornix_00095_8.wav,1
cornix_00095_9.wav,1
cornix_00096_1.wav,2
cornix_00097_1.wav,6
cornix_00097_2.wav,6
cornix_00098_1.wav,1
cornix_00098_2.wav,4
cornix_00098_3.wav,2
cornix_00098_4.wav,2
cornix_00098_5.wav,3
cornix_00098_6.wav,1
cornix_00098_7.wav,3
cornix_00098_8.wav,2
cornix_00099_1.wav,2
cornix_00100_1.wav,3
cornix_00100_2.wav,4
cornix_00100_3.wav,2
cornix_00101_1.wav,2
cornix_00101_2.wav,3
cornix_00101_3.wav,0
cornix_00102_1.wav,7
cornix_00102_2.wav,1
cornix_00102_3.wav,1
cornix_00102_4.wav,2
cornix_00102_5.wav,2
cornix_00102_6.wav,1
cornix_00103_1.wav,2
cornix_00104_1.wav,4
cornix_00104_2.wav,4
cornix_00104_3.wav,2
cornix_00105_1.wav,3
cornix_00105_2.wav,2
cornix_00106_1.wav,7
cornix_00107_1.wav,4
cornix_00108_1.wav,2
cornix_00108_2.wav,2
cornix_00108_3.wav,1
cornix_00108_4.wav,1
cornix_00109_1.wav,3
cornix_00109_2.wav,2
cornix_00110_1.wav,2
cornix_00110_2.wav,7
cornix_00111_1.wav,1
cornix_00111_2.wav,1
cornix_00114_1.wav,3
cornix_00115_1.wav,5
cornix_00117_1.wav,3
cornix_00119_1.wav,5
cornix_00119_2.wav,2
cornix_00121_1.wav,4
cornix_00122_1.wav,2
cornix_00123_1.wav,2
cornix_00123_2.wav,5
cornix_00123_3.wav,1
cornix_00124_1.wav,6
cornix_00125_1.wav,2
cornix_00125_2.wav,3
cornix_00126_1.wav,1
cornix_00127_1.wav,3
cornix_00127_2.wav,4
cornix_00127_3.wav,1
cornix_00128_1.wav,6
cornix_00129_1.wav,4
cornix_00129_2.wav,4
cornix_00129_3.wav,4
cornix_00129_4.wav,6
cornix_00129_5.wav,4
cornix_00129_6.wav,1
cornix_00129_7.wav,4
cornix_00130_1.wav,2
cornix_00130_2.wav,1
cornix_00130_3.wav,6
cornix_00130_4.wav,1
cornix_00130_5.wav,3
cornix_00131_1.wav,3
cornix_00131_2.wav,4
cornix_00131_3.wav,3
cornix_00131_4.wav,3
cornix_00132_1.wav,4
cornix_00133_1.wav,2
cornix_00134_1.wav,3
cornix_00136_1.wav,4
cornix_00136_2.wav,5
cornix_00139_1.wav,2
cornix_00140_1.wav,6
cornix_00141_1.wav,4
cornix_00141_2.wav,6
cornix_00141_3.wav,2
cornix_00142_1.wav,4
cornix_00142_2.wav,3
cornix_00142_3.wav,3
cornix_00142_4.wav,5
cornix_00142_5.wav,3
cornix_00142_6.wav,5
cornix_00142_7.wav,4
cornix_00143_1.wav,1
cornix_00143_2.wav,1
cornix_00144_1.wav,2
cornix_00144_2.wav,1
cornix_00145_1.wav,1
cornix_00145_2.wav,2
cornix_00146_1.wav,1
cornix_00146_2.wav,2
cornix_00146_3.wav,2
cornix_00146_4.wav,1
cornix_00146_5.wav,2
cornix_00146_6.wav,3
cornix_00147_1.wav,1
cornix_00148_1.wav,4
cornix_00148_2.wav,2
cornix_00150_1.wav,3
cornix_00151_1.wav,1
cornix_00151_2.wav,3
cornix_00152_1.wav,6
cornix_00152_2.wav,3
cornix_00153_1.wav,2
cornix_00153_2.wav,1
cornix_00153_3.wav,1
cornix_00154_1.wav,3
cornix_00155_1.wav,3
cornix_00155_2.wav,5
cornix_00156_1.wav,3
cornix_00156_2.wav,4
cornix_00156_3.wav,4
cornix_00157_1.wav,3
cornix_00157_2.wav,5
cornix_00157_3.wav,5
cornix_00159_1.wav,2
cornix_00160_1.wav,1
cornix_00162_1.wav,3
cornix_00162_2.wav,1
cornix_00162_3.wav,9
cornix_00163_1.wav,8
cornix_00163_2.wav,2
cornix_00163_3.wav,1
cornix_00163_4.wav,1
cornix_00164_1.wav,3
cornix_00165_1.wav,2
cornix_00165_2.wav,3
cornix_00166_1.wav,4
cornix_00166_2.wav,3
cornix_00168_1.wav,1
cornix_00169_1.wav,1
cornix_00169_2.wav,5
cornix_00170_1.wav,3
cornix_00170_2.wav,4
cornix_00171_1.wav,4
cornix_00171_2.wav,4
cornix_00173_1.wav,3
cornix_00173_2.wav,2
cornix_00173_3.wav,3
cornix_00174_1.wav,3
cornix_00174_2.wav,2
cornix_00174_3.wav,2
cornix_00174_4.wav,1
cornix_00175_1.wav,2
cornix_00176_1.wav,3
cornix_00177_1.wav,3
cornix_00178_1.wav,5
cornix_00179_1.wav,1
cornix_00179_2.wav,1
cornix_00179_3.wav,2
cornix_00180_1.wav,1
cornix_00180_2.wav,1
cornix_00180_3.wav,6
cornix_00181_1.wav,2
cornix_00181_2.wav,2
cornix_00181_3.wav,4
cornix_00181_4.wav,1
cornix_00181_5.wav,1
cornix_00182_1.wav,2
cornix_00182_2.wav,5
cornix_00183_1.wav,8
cornix_00184_1.wav,3
cornix_00185_1.wav,0
cornix_00185_2.wav,1
cornix_00185_3.wav,3
cornix_00185_4.wav,1
cornix_00185_5.wav,1
cornix_00186_1.wav,2
cornix_00186_2.wav,2
cornix_00187_1.wav,1
cornix_00188_1.wav,2
cornix_00190_1.wav,2
cornix_00190_2.wav,1
cornix_00191_1.wav,2
cornix_00192_1.wav,6
cornix_00193_1.wav,11
cornix_00193_2.wav,2
cornix_00194_1.wav,2
cornix_00194_2.wav,4
cornix_00194_3.wav,3
cornix_00195_1.wav,3
cornix_00195_2.wav,2
cornix_00195_3.wav,2
cornix_00195_4.wav,3
cornix_00196_1.wav,1
cornix_00197_1.wav,1
cornix_00198_1.wav,3
cornix_00199_1.wav,6
cornix_00199_2.wav,2
cornix_00199_3.wav,1
cornix_00200_1.wav,1
cornix_00200_2.wav,3
cornix_00201_1.wav,6
cornix_00201_2.wav,3
cornix_00201_3.wav,1
cornix_00202_1.wav,6
cornix_00203_1.wav,2
cornix_00204_1.wav,3
cornix_00205_1.wav,4
cornix_00205_2.wav,2
cornix_00205_3.wav,2
cornix_00205_4.wav,1
cornix_00206_1.wav,7
cornix_00206_2.wav,2
cornix_00206_3.wav,1
cornix_00207_1.wav,7
cornix_00207_2.wav,2
cornix_00208_1.wav,5
cornix_00208_2.wav,7
cornix_00208_3.wav,8
cornix_00208_4.wav,1
cornix_00208_5.wav,6
cornix_00209_1.wav,8
cornix_00210_1.wav,6
cornix_00210_2.wav,3
cornix_00211_1.wav,3
cornix_00211_2.wav,1
cornix_00211_3.wav,2
cornix_00211_4.wav,4
cornix_00212_1.wav,6
cornix_00213_1.wav,6
cornix_00213_10.wav,4
cornix_00213_11.wav,1
cornix_00213_12.wav,2
cornix_00213_2.wav,3
cornix_00213_3.wav,5
cornix_00213_4.wav,4
cornix_00213_5.wav,4
cornix_00213_6.wav,2
cornix_00213_7.wav,1
cornix_00213_8.wav,5
cornix_00213_9.wav,2
cornix_00214_1.wav,1
cornix_00214_2.wav,1
cornix_00214_3.wav,3
cornix_00214_4.wav,1
cornix_00214_5.wav,4
cornix_00214_6.wav,2
cornix_00214_7.wav,2
cornix_00214_8.wav,3
cornix_00214_9.wav,1
cornix_00215_1.wav,4
cornix_00216_1.wav,3
cornix_00216_2.wav,3
cornix_00216_3.wav,5
cornix_00216_4.wav,4
cornix_00216_5.wav,2
cornix_00217_1.wav,3
cornix_00217_2.wav,4
cornix_00217_3.wav,2
cornix_00217_4.wav,3
cornix_00217_5.wav,4
cornix_00217_6.wav,2
cornix_00217_7.wav,2
cornix_00218_1.wav,8
cornix_00219_1.wav,3
cornix_00219_2.wav,1
cornix_00219_3.wav,2
cornix_00220_1.wav,3
cornix_00220_2.wav,5
cornix_00220_3.wav,2
cornix_00220_4.wav,4
cornix_00220_5.wav,3
cornix_00221_1.wav,5
cornix_00222_1.wav,8
cornix_00223_1.wav,5
cornix_00223_2.wav,1
cornix_00223_3.wav,2
cornix_00224_1.wav,1
cornix_00224_2.wav,1
cornix_00224_3.wav,1
cornix_00224_4.wav,3
cornix_00224_5.wav,1
cornix_00224_6.wav,2
cornix_00225_1.wav,3
cornix_00227_1.wav,6
cornix_00227_2.wav,5
cornix_00227_3.wav,1
cornix_00227_4.wav,2
cornix_00227_5.wav,5
cornix_00227_6.wav,2
cornix_00230_1.wav,1
cornix_00232_1.wav,1
cornix_00232_2.wav,1
cornix_00232_3.wav,4
cornix_00232_4.wav,4
cornix_00233_1.wav,1
cornix_00233_2.wav,6
cornix_00234_1.wav,8
cornix_00234_2.wav,1
cornix_00234_3.wav,4
cornix_00234_4.wav,6
cornix_00234_5.wav,3
cornix_00234_6.wav,4
cornix_00234_7.wav,2
cornix_00234_8.wav,1
cornix_00236_1.wav,4
cornix_00237_1.wav,4
cornix_00240_1.wav,3
cornix_00240_2.wav,6
cornix_00241_1.wav,2
cornix_00245_1.wav,6
cornix_00246_1.wav,1
cornix_00246_2.wav,12
cornix_00247_1.wav,5
cornix_00247_2.wav,7
cornix_00247_3.wav,4
cornix_00247_4.wav,1
cornix_00248_1.wav,6
cornix_00249_1.wav,2
cornix_00250_1.wav,8
cornix_00251_1.wav,4
cornix_00251_2.wav,2
cornix_00251_3.wav,2
cornix_00251_4.wav,1
cornix_00253_1.wav,2
cornix_00253_2.wav,4
cornix_00253_3.wav,2
cornix_00256_1.wav,4
cornix_00257_1.wav,1
cornix_00257_2.wav,3
cornix_00258_1.wav,7
cornix_00260_1.wav,3
cornix_00260_2.wav,5
cornix_00260_3.wav,2
cornix_00261_1.wav,3
cornix_00261_2.wav,3
cornix_00262_1.wav,4
cornix_00263_1.wav,3
cornix_00264_1.wav,2
cornix_00264_2.wav,1
cornix_00264_3.wav,1
cornix_00265_1.wav,4
cornix_00266_1.wav,2
cornix_00267_1.wav,3
cornix_00267_2.wav,2
cornix_00267_3.wav,4
cornix_00267_4.wav,9
cornix_00267_5.wav,3
cornix_00268_1.wav,4
cornix_00268_2.wav,1
cornix_00270_1.wav,2
cornix_00271_1.wav,2
cornix_00271_2.wav,5
cornix_00272_1.wav,4
cornix_00272_2.wav,9
cornix_00273_1.wav,1
cornix_00273_2.wav,1
cornix_00273_3.wav,1
cornix_00273_4.wav,1
cornix_00274_1.wav,4
cornix_00274_2.wav,2
cornix_00274_3.wav,1
cornix_00274_4.wav,2
cornix_00274_5.wav,2
cornix_00274_6.wav,1
cornix_00275_1.wav,2
cornix_00275_2.wav,2
cornix_00275_3.wav,2
cornix_00275_4.wav,3
cornix_00275_5.wav,4
cornix_00277_1.wav,4
cornix_00278_1.wav,2
cornix_00278_2.wav,4
cornix_00278_3.wav,1
cornix_00278_4.wav,3
cornix_00278_5.wav,1
cornix_00278_6.wav,3
cornix_00278_7.wav,3
cornix_00279_1.wav,8
cornix_00280_1.wav,4
cornix_00280_2.wav,2
cornix_00280_3.wav,5
cornix_00280_4.wav,1
cornix_00280_5.wav,2
cornix_00281_1.wav,4
cornix_00281_2.wav,3
cornix_00281_3.wav,3
cornix_00282_1.wav,2
cornix_00282_2.wav,3
cornix_00282_3.wav,1
cornix_00283_1.wav,5
cornix_00283_2.wav,2
cornix_00283_3.wav,3
cornix_00285_1.wav,1
cornix_00285_10.wav,4
cornix_00285_11.wav,1
cornix_00285_12.wav,3
cornix_00285_13.wav,1
cornix_00285_14.wav,2
cornix_00285_15.wav,9
cornix_00285_16.wav,3
cornix_00285_17.wav,2
cornix_00285_18.wav,2
cornix_00285_19.wav,1
cornix_00285_2.wav,2
cornix_00285_20.wav,1
cornix_00285_21.wav,3
cornix_00285_22.wav,1
cornix_00285_23.wav,2
cornix_00285_24.wav,1
cornix_00285_3.wav,2
cornix_00285_4.wav,6
cornix_00285_5.wav,3
cornix_00285_6.wav,2
cornix_00285_7.wav,1
cornix_00285_8.wav,5
cornix_00285_9.wav,3
cornix_00286_1.wav,4
cornix_00287_1.wav,5
cornix_00287_2.wav,2
cornix_00288_1.wav,1
cornix_00288_2.wav,5
cornix_00288_3.wav,2
cornix_00289_1.wav,4
cornix_00289_2.wav,4
cornix_00289_3.wav,2
cornix_00289_4.wav,2
cornix_00289_5.wav,1
cornix_00289_6.wav,3
cornix_00289_7.wav,2
cornix_00289_8.wav,1
cornix_00290_1.wav,2
cornix_00291_1.wav,5
cornix_00291_2.wav,1
cornix_00291_3.wav,1
cornix_00291_4.wav,2
cornix_00292_1.wav,2
cornix_00293_1.wav,5
cornix_00294_1.wav,1
cornix_00294_2.wav,3
cornix_00295_1.wav,3
cornix_00296_1.wav,2
cornix_00296_2.wav,3
cornix_00296_3.wav,6
cornix_00297_1.wav,3
cornix_00297_2.wav,2
cornix_00297_3.wav,0
cornix_00297_4.wav,2
cornix_00297_5.wav,2
cornix_00297_6.wav,4
cornix_00298_1.wav,2
cornix_00299_1.wav,4
cornix_00299_2.wav,3
cornix_00299_3.wav,1
cornix_00299_4.wav,2
cornix_00299_5.wav,2
cornix_00299_6.wav,1
cornix_00300_1.wav,2
cornix_00300_2.wav,2
cornix_00301_1.wav,3
cornix_00301_2.wav,2
cornix_00301_3.wav,5
cornix_00301_4.wav,0
cornix_00301_5.wav,2
cornix_00303_1.wav,2
cornix_00304_1.wav,5
cornix_00304_2.wav,4
cornix_00304_3.wav,3
cornix_00304_4.wav,2
cornix_00304_5.wav,1
cornix_00304_6.wav,7
cornix_00304_7.wav,5
cornix_00304_8.wav,5
cornix_00306_1.wav,7
cornix_00307_1.wav,2
cornix_00307_2.wav,5
cornix_00308_1.wav,3
cornix_00308_2.wav,4
cornix_00309_1.wav,5
cornix_00310_1.wav,3
cornix_00310_2.wav,5
cornix_00311_1.wav,3
cornix_00311_2.wav,4
cornix_00312_1.wav,1
cornix_00313_1.wav,6
cornix_00314_1.wav,5
cornix_00314_2.wav,2
cornix_00314_3.wav,2
cornix_00314_4.wav,3
cornix_00314_5.wav,5
cornix_00315_1.wav,2
cornix_00316_1.wav,8
cornix_00317_1.wav,2
cornix_00318_1.wav,3
cornix_00318_2.wav,2
cornix_00318_3.wav,2
cornix_00320_1.wav,5
cornix_00321_1.wav,1
cornix_00322_1.wav,3
cornix_00323_1.wav,3
cornix_00323_2.wav,5
cornix_00323_3.wav,8
cornix_00323_4.wav,4
cornix_00323_5.wav,1
cornix_00324_1.wav,4
cornix_00327_1.wav,4
cornix_00329_1.wav,1
cornix_00329_2.wav,1
cornix_00329_3.wav,2
cornix_00330_1.wav,1
cornix_00331_1.wav,1
cornix_00331_2.wav,1
cornix_00332_1.wav,4
cornix_00333_1.wav,1
cornix_00334_1.wav,1
cornix_00337_1.wav,3
cornix_00339_1.wav,1
cornix_00339_2.wav,6
cornix_00339_3.wav,2
cornix_00339_4.wav,3
cornix_00339_5.wav,4
cornix_00339_6.wav,3
cornix_00340_1.wav,6
cornix_00341_1.wav,5
cornix_00342_1.wav,1
cornix_00343_1.wav,3
cornix_00343_2.wav,10
cornix_00343_3.wav,4
cornix_00344_1.wav,8
cornix_00345_1.wav,2
cornix_00348_1.wav,3
cornix_00350_1.wav,3
cornix_00350_2.wav,3
cornix_00351_1.wav,3
cornix_00351_2.wav,2
cornix_00352_1.wav,1
cornix_00353_1.wav,3
cornix_00354_1.wav,3
cornix_00354_2.wav,2
cornix_00354_3.wav,3
cornix_00354_4.wav,2
cornix_00354_5.wav,4
cornix_00355_1.wav,8
cornix_00357_1.wav,2
cornix_00358_1.wav,1
cornix_00359_1.wav,5
cornix_00359_2.wav,0
cornix_00360_1.wav,1
cornix_00360_2.wav,12
cornix_00361_1.wav,1
cornix_00361_10.wav,3
cornix_00361_11.wav,3
cornix_00361_12.wav,1
cornix_00361_2.wav,3
cornix_00361_3.wav,4
cornix_00361_4.wav,1
cornix_00361_5.wav,7
cornix_00361_6.wav,6
cornix_00361_7.wav,2
cornix_00361_8.wav,4
cornix_00361_9.wav,4
cornix_00362_1.wav,3
cornix_00362_10.wav,2
cornix_00362_11.wav,1
cornix_00362_12.wav,3
cornix_00362_13.wav,1
cornix_00362_14.wav,1
cornix_00362_2.wav,2
cornix_00362_3.wav,2
cornix_00362_4.wav,2
cornix_00362_5.wav,2
cornix_00362_6.wav,3
cornix_00362_7.wav,2
cornix_00362_8.wav,1
cornix_00362_9.wav,3
cornix_00363_1.wav,4
cornix_00363_2.wav,5
cornix_00363_3.wav,1
cornix_00366_1.wav,1
cornix_00367_1.wav,3
cornix_00368_1.wav,7
cornix_00369_1.wav,1
cornix_00369_2.wav,5
cornix_00370_1.wav,2
cornix_00371_1.wav,1
cornix_00372_1.wav,1
cornix_00374_1.wav,6
cornix_00375_1.wav,5
cornix_00376_1.wav,1
cornix_00377_1.wav,4
cornix_00377_2.wav,4
cornix_00377_3.wav,3
cornix_00377_4.wav,4
cornix_00377_5.wav,4
cornix_00378_1.wav,2
cornix_00378_2.wav,3
cornix_00380_1.wav,7
cornix_00381_1.wav,2
cornix_00381_2.wav,2
cornix_00383_1.wav,3
cornix_00384_1.wav,5
cornix_00385_1.wav,3
cornix_00386_1.wav,3
cornix_00386_2.wav,1
cornix_00386_3.wav,2
cornix_00386_4.wav,7
cornix_00386_5.wav,3
cornix_00387_1.wav,3
cornix_00387_2.wav,4
cornix_00387_3.wav,4
cornix_00387_4.wav,3
cornix_00387_5.wav,3
cornix_00389_1.wav,1
cornix_00390_1.wav,1
cornix_00391_1.wav,2
cornix_00392_1.wav,5
cornix_00392_10.wav,2
cornix_00392_11.wav,1
cornix_00392_12.wav,2
cornix_00392_13.wav,2
cornix_00392_14.wav,1
cornix_00392_15.wav,5
cornix_00392_16.wav,2
cornix_00392_2.wav,2
cornix_00392_3.wav,6
cornix_00392_4.wav,4
cornix_00392_5.wav,1
cornix_00392_6.wav,1
cornix_00392_7.wav,1
cornix_00392_8.wav,2
cornix_00392_9.wav,2
cornix_00393_1.wav,2
cornix_00393_2.wav,1
cornix_00396_1.wav,2
cornix_00397_1.wav,9
cornix_00398_1.wav,6
cornix_00399_1.wav,2
cornix_00399_2.wav,3
cornix_00399_3.wav,1
cornix_00400_1.wav,3
cornix_00401_1.wav,5
cornix_00402_1.wav,2
cornix_00403_1.wav,2
cornix_00403_2.wav,2
cornix_00403_3.wav,1
cornix_00403_4.wav,7
cornix_00404_1.wav,7
cornix_00404_2.wav,1
cornix_00404_3.wav,2
cornix_00404_4.wav,2
cornix_00404_5.wav,1
cornix_00405_1.wav,7
cornix_00406_1.wav,3
cornix_00406_2.wav,6
cornix_00407_1.wav,1
cornix_00407_2.wav,2
cornix_00407_3.wav,4
cornix_00409_1.wav,9
cornix_00409_2.wav,15
cornix_00409_3.wav,7
cornix_00410_1.wav,7
cornix_00412_1.wav,4
cornix_00412_2.wav,3
cornix_00412_3.wav,2
cornix_00416_1.wav,7
cornix_00417_1.wav,5
cornix_00418_1.wav,3
cornix_00419_1.wav,3
cornix_00419_2.wav,1
cornix_00419_3.wav,3
cornix_00420_1.wav,4
cornix_00420_2.wav,2
cornix_00420_3.wav,4
cornix_00421_1.wav,4
cornix_00422_1.wav,5
cornix_00422_10.wav,2
cornix_00422_2.wav,1
cornix_00422_3.wav,1
cornix_00422_4.wav,1
cornix_00422_5.wav,1
cornix_00422_6.wav,2
cornix_00422_7.wav,1
cornix_00422_8.wav,1
cornix_00422_9.wav,2
cornix_00425_1.wav,3
cornix_00425_2.wav,1
cornix_00427_1.wav,2
cornix_00427_2.wav,3
cornix_00427_3.wav,2
cornix_00427_4.wav,1
cornix_00428_1.wav,5
cornix_00429_1.wav,1
cornix_00430_1.wav,4
cornix_00430_2.wav,2
cornix_00430_3.wav,2
cornix_00430_4.wav,3
cornix_00430_5.wav,1
cornix_00430_6.wav,1
cornix_00431_1.wav,4
cornix_00431_2.wav,2
cornix_00432_1.wav,1
cornix_00432_2.wav,1
cornix_00432_3.wav,5
cornix_00432_4.wav,1
cornix_00432_5.wav,4
cornix_00432_6.wav,3
cornix_00433_1.wav,2
cornix_00433_2.wav,3
cornix_00433_3.wav,1
cornix_00433_4.wav,3
cornix_00434_1.wav,2
cornix_00436_1.wav,5
cornix_00437_1.wav,2
cornix_00437_2.wav,3
cornix_00438_1.wav,2
cornix_00438_2.wav,2
cornix_00438_3.wav,2
cornix_00438_4.wav,1
cornix_00439_1.wav,1
cornix_00439_2.wav,3
cornix_00440_1.wav,4
cornix_00440_2.wav,2
cornix_00440_3.wav,2
cornix_00440_4.wav,5
cornix_00441_1.wav,3
cornix_00441_10.wav,5
cornix_00441_11.wav,3
cornix_00441_2.wav,8
cornix_00441_3.wav,1
cornix_00441_4.wav,7
cornix_00441_5.wav,2
cornix_00441_6.wav,5
cornix_00441_7.wav,2
cornix_00441_8.wav,1
cornix_00441_9.wav,2
cornix_00443_1.wav,2
cornix_00443_2.wav,2
cornix_00444_1.wav,14
cornix_00445_1.wav,3
cornix_00446_1.wav,4
cornix_00446_2.wav,4
cornix_00447_1.wav,3
cornix_00447_2.wav,3
cornix_00450_1.wav,3
cornix_00451_1.wav,4
cornix_00451_2.wav,5
cornix_00451_3.wav,5
cornix_00451_4.wav,5
cornix_00451_5.wav,3
cornix_00451_6.wav,5
cornix_00451_7.wav,2
cornix_00451_8.wav,1
cornix_00452_1.wav,2
cornix_00453_1.wav,5
cornix_00453_2.wav,1
cornix_00453_3.wav,4
cornix_00453_4.wav,1
cornix_00454_1.wav,3
cornix_00455_1.wav,2
cornix_00455_2.wav,2
cornix_00455_3.wav,1
cornix_00455_4.wav,7
cornix_00455_5.wav,4
cornix_00455_6.wav,4
cornix_00455_7.wav,1
cornix_00456_1.wav,2
cornix_00456_10.wav,5
cornix_00456_11.wav,2
cornix_00456_12.wav,1
cornix_00456_13.wav,2
cornix_00456_2.wav,6
cornix_00456_3.wav,9
cornix_00456_4.wav,2
cornix_00456_5.wav,3
cornix_00456_6.wav,5
cornix_00456_7.wav,1
cornix_00456_8.wav,1
cornix_00456_9.wav,2
cornix_00457_1.wav,6
cornix_00459_1.wav,6
cornix_00459_2.wav,1
cornix_00459_3.wav,9
cornix_00459_4.wav,3
cornix_00459_5.wav,4
cornix_00459_6.wav,6
cornix_00460_1.wav,5
cornix_00460_10.wav,1
cornix_00460_11.wav,2
cornix_00460_12.wav,1
cornix_00460_13.wav,3
cornix_00460_14.wav,1
cornix_00460_15.wav,2
cornix_00460_16.wav,3
cornix_00460_17.wav,3
cornix_00460_18.wav,2
cornix_00460_19.wav,2
cornix_00460_2.wav,1
cornix_00460_20.wav,1
cornix_00460_21.wav,2
cornix_00460_3.wav,1
cornix_00460_4.wav,3
cornix_00460_5.wav,2
cornix_00460_6.wav,1
cornix_00460_7.wav,2
cornix_00460_8.wav,1
cornix_00460_9.wav,6
cornix_00461_1.wav,2
cornix_00461_10.wav,12
cornix_00461_2.wav,6
cornix_00461_3.wav,5
cornix_00461_4.wav,2
cornix_00461_5.wav,6
cornix_00461_6.wav,5
cornix_00461_7.wav,3
cornix_00461_8.wav,5
cornix_00461_9.wav,5
cornix_00462_1.wav,1
cornix_00462_2.wav,3
cornix_00462_3.wav,2
cornix_00463_1.wav,2
cornix_00466_1.wav,8
cornix_00467_1.wav,3
cornix_00468_1.wav,7
cornix_00468_2.wav,3
cornix_00468_3.wav,4
cornix_00468_4.wav,2
cornix_00468_5.wav,5
cornix_00469_1.wav,3
cornix_00470_1.wav,5
cornix_00471_1.wav,1
cornix_00471_2.wav,1
cornix_00471_3.wav,2
cornix_00471_4.wav,1
cornix_00475_1.wav,1
cornix_00476_1.wav,7
cornix_00477_1.wav,6
cornix_00481_1.wav,3
cornix_00483_1.wav,3
cornix_00484_1.wav,2
cornix_00484_2.wav,3
cornix_00485_1.wav,5
cornix_00485_2.wav,4
cornix_00486_1.wav,2
cornix_00486_2.wav,1
cornix_00486_3.wav,1
cornix_00487_1.wav,1
cornix_00487_10.wav,3
cornix_00487_11.wav,2
cornix_00487_12.wav,1
cornix_00487_2.wav,2
cornix_00487_3.wav,1
cornix_00487_4.wav,2
cornix_00487_5.wav,2
cornix_00487_6.wav,1
cornix_00487_7.wav,1
cornix_00487_8.wav,1
cornix_00487_9.wav,3
cornix_00488_1.wav,4
cornix_00489_1.wav,1
cornix_00489_2.wav,1
cornix_00490_1.wav,2
cornix_00490_2.wav,4
cornix_00491_1.wav,1
cornix_00491_2.wav,1
cornix_00491_3.wav,1
cornix_00491_4.wav,0
cornix_00492_1.wav,6
cornix_00492_10.wav,3
cornix_00492_2.wav,2
cornix_00492_3.wav,3
cornix_00492_4.wav,1
cornix_00492_5.wav,3
cornix_00492_6.wav,5
cornix_00492_7.wav,3
cornix_00492_8.wav,4
cornix_00492_9.wav,5
cornix_00493_1.wav,0
cornix_00494_1.wav,1
cornix_00495_1.wav,1
cornix_00497_1.wav,3
cornix_00497_2.wav,4
cornix_00497_3.wav,4
cornix_00497_4.wav,5
cornix_00498_1.wav,3
cornix_00499_1.wav,5
cornix_00500_1.wav,1
cornix_00501_1.wav,6
cornix_00501_10.wav,0
cornix_00501_11.wav,4
cornix_00501_12.wav,2
cornix_00501_2.wav,1
cornix_00501_3.wav,2
cornix_00501_4.wav,6
cornix_00501_5.wav,2
cornix_00501_6.wav,2
cornix_00501_7.wav,2
cornix_00501_8.wav,1
cornix_00501_9.wav,6
cornix_00503_1.wav,1
cornix_00504_1.wav,3
cornix_00504_10.wav,3
cornix_00504_11.wav,2
cornix_00504_12.wav,1
cornix_00504_13.wav,3
cornix_00504_14.wav,2
cornix_00504_15.wav,2
cornix_00504_2.wav,5
cornix_00504_3.wav,6
cornix_00504_4.wav,8
cornix_00504_5.wav,3
cornix_00504_6.wav,3
cornix_00504_7.wav,7
cornix_00504_8.wav,5
cornix_00504_9.wav,4
cornix_00505_1.wav,3
cornix_00506_1.wav,4
cornix_00507_1.wav,3
cornix_00510_1.wav,1
cornix_00511_1.wav,2
cornix_00511_2.wav,3
cornix_00512_1.wav,6
cornix_00513_1.wav,1
cornix_00513_2.wav,3
cornix_00513_3.wav,1
cornix_00513_4.wav,1
cornix_00515_1.wav,3
cornix_00516_1.wav,3
cornix_00517_1.wav,4
cornix_00518_1.wav,2
cornix_00519_1.wav,2
cornix_00519_2.wav,4
cornix_00520_1.wav,2
cornix_00520_10.wav,3
cornix_00520_11.wav,3
cornix_00520_12.wav,1
cornix_00520_13.wav,4
cornix_00520_14.wav,1
cornix_00520_15.wav,3
cornix_00520_16.wav,5
cornix_00520_2.wav,1
cornix_00520_3.wav,3
cornix_00520_4.wav,2
cornix_00520_5.wav,4
cornix_00520_6.wav,4
cornix_00520_7.wav,3
cornix_00520_8.wav,2
cornix_00520_9.wav,4
cornix_00521_1.wav,2
cornix_00521_2.wav,3
cornix_00522_1.wav,3
cornix_00523_1.wav,3
cornix_00523_2.wav,7
cornix_00523_3.wav,4
cornix_00524_1.wav,3
cornix_00524_2.wav,2
cornix_00524_3.wav,5
cornix_00525_1.wav,6
cornix_00526_1.wav,5
cornix_00527_1.wav,2
cornix_00527_2.wav,3
cornix_00527_3.wav,2
cornix_00527_4.wav,3
cornix_00527_5.wav,7
cornix_00527_6.wav,2
cornix_00527_7.wav,1
cornix_00527_8.wav,2
cornix_00528_1.wav,3
cornix_00528_2.wav,4
cornix_00528_3.wav,7
cornix_00528_4.wav,4
cornix_00528_5.wav,1
cornix_00528_6.wav,2
cornix_00528_7.wav,4
cornix_00529_1.wav,1
cornix_00529_10.wav,1
cornix_00529_11.wav,3
cornix_00529_12.wav,1
cornix_00529_13.wav,2
cornix_00529_14.wav,1
cornix_00529_15.wav,3
cornix_00529_16.wav,6
cornix_00529_17.wav,2
cornix_00529_18.wav,7
cornix_00529_19.wav,2
cornix_00529_2.wav,6
cornix_00529_20.wav,7
cornix_00529_21.wav,2
cornix_00529_22.wav,1
cornix_00529_23.wav,3
cornix_00529_24.wav,3
cornix_00529_25.wav,2
cornix_00529_26.wav,3
cornix_00529_27.wav,2
cornix_00529_28.wav,9
cornix_00529_29.wav,2
cornix_00529_3.wav,3
cornix_00529_30.wav,1
cornix_00529_31.wav,6
cornix_00529_4.wav,2
cornix_00529_5.wav,2
cornix_00529_6.wav,7
cornix_00529_7.wav,4
cornix_00529_8.wav,5
cornix_00529_9.wav,2
cornix_00530_1.wav,6
cornix_00530_10.wav,8
cornix_00530_11.wav,3
cornix_00530_12.wav,1
cornix_00530_13.wav,6
cornix_00530_2.wav,1
cornix_00530_3.wav,3
cornix_00530_4.wav,5
cornix_00530_5.wav,8
cornix_00530_6.wav,9
cornix_00530_7.wav,4
cornix_00530_8.wav,3
cornix_00530_9.wav,3
cornix_00531_1.wav,1
cornix_00531_2.wav,2
cornix_00533_1.wav,1
cornix_00535_1.wav,2
cornix_00535_2.wav,5
cornix_00535_3.wav,1
cornix_00535_4.wav,4
cornix_00536_1.wav,1
cornix_00538_1.wav,1
cornix_00539_1.wav,5
cornix_00542_1.wav,1
cornix_00542_2.wav,2
cornix_00542_3.wav,2
cornix_00543_1.wav,1
cornix_00543_2.wav,2
cornix_00543_3.wav,1
cornix_00543_4.wav,3
cornix_00543_5.wav,1
cornix_00543_6.wav,0
cornix_00543_7.wav,3
cornix_00543_8.wav,1
cornix_00544_1.wav,6
cornix_00545_1.wav,3
cornix_00545_2.wav,3
cornix_00545_3.wav,3
cornix_00545_4.wav,1
cornix_00545_5.wav,2
cornix_00552_1.wav,5
cornix_00552_2.wav,6
cornix_00552_3.wav,6
cornix_00554_1.wav,3
cornix_00554_10.wav,3
cornix_00554_11.wav,3
cornix_00554_12.wav,1
cornix_00554_13.wav,2
cornix_00554_2.wav,1
cornix_00554_3.wav,3
cornix_00554_4.wav,3
cornix_00554_5.wav,2
cornix_00554_6.wav,6
cornix_00554_7.wav,3
cornix_00554_8.wav,2
cornix_00554_9.wav,4
cornix_00555_1.wav,3
cornix_00555_2.wav,1
cornix_00555_3.wav,1
cornix_00556_1.wav,2
cornix_00556_2.wav,1
cornix_00556_3.wav,2
cornix_00557_1.wav,1
cornix_00558_1.wav,2
cornix_00558_2.wav,3
cornix_00559_1.wav,3
cornix_00559_2.wav,3
cornix_00563_1.wav,0
cornix_00566_1.wav,7
cornix_00567_1.wav,2
cornix_00568_1.wav,2
cornix_00568_10.wav,1
cornix_00568_11.wav,4
cornix_00568_12.wav,4
cornix_00568_13.wav,5
cornix_00568_14.wav,1
cornix_00568_15.wav,4
cornix_00568_16.wav,2
cornix_00568_17.wav,4
cornix_00568_18.wav,2
cornix_00568_19.wav,1
cornix_00568_2.wav,5
cornix_00568_20.wav,3
cornix_00568_21.wav,3
cornix_00568_22.wav,5
cornix_00568_23.wav,1
cornix_00568_24.wav,8
cornix_00568_25.wav,1
cornix_00568_26.wav,1
cornix_00568_27.wav,3
cornix_00568_28.wav,3
cornix_00568_29.wav,5
cornix_00568_3.wav,6
cornix_00568_30.wav,4
cornix_00568_31.wav,7
cornix_00568_32.wav,2
cornix_00568_33.wav,1
cornix_00568_34.wav,9
cornix_00568_35.wav,5
cornix_00568_4.wav,1
cornix_00568_5.wav,3
cornix_00568_6.wav,3
cornix_00568_7.wav,2
cornix_00568_8.wav,1
cornix_00568_9.wav,1
cornix_00569_1.wav,5
cornix_00570_1.wav,6
cornix_00571_1.wav,4
cornix_00572_1.wav,1
cornix_00572_2.wav,1
cornix_00573_1.wav,2
cornix_00573_2.wav,2
cornix_00574_1.wav,3
cornix_00574_2.wav,3
cornix_00577_1.wav,2
cornix_00578_1.wav,2
cornix_00579_1.wav,4
cornix_00580_1.wav,4
cornix_00580_2.wav,4
cornix_00580_3.wav,1
cornix_00581_1.wav,2
cornix_00583_1.wav,1
cornix_00583_2.wav,2
cornix_00584_1.wav,8
cornix_00585_1.wav,4
cornix_00586_1.wav,6
cornix_00587_1.wav,3
cornix_00588_1.wav,4
cornix_00588_2.wav,4
cornix_00589_1.wav,4
cornix_00589_2.wav,10
cornix_00591_1.wav,5
cornix_00592_1.wav,3
cornix_00593_1.wav,4
cornix_00594_1.wav,3
cornix_00596_1.wav,2
cornix_00598_1.wav,7
cornix_00599_1.wav,5
cornix_00600_1.wav,9
cornix_00601_1.wav,2
cornix_00602_1.wav,2
cornix_00603_1.wav,4
cornix_00603_2.wav,2
cornix_00605_1.wav,4
cornix_00606_1.wav,2
cornix_00608_1.wav,1
cornix_00608_2.wav,2
cornix_00609_1.wav,2
cornix_00609_2.wav,1
cornix_00610_1.wav,3
cornix_00611_1.wav,2
cornix_00613_1.wav,0
cornix_00614_1.wav,5
cornix_00616_1.wav,1
cornix_00617_1.wav,2
cornix_00618_1.wav,6
cornix_00618_2.wav,6
cornix_00620_1.wav,4
cornix_00620_2.wav,2
cornix_00620_3.wav,1
cornix_00621_1.wav,5
cornix_00623_1.wav,2
cornix_00624_1.wav,3
cornix_00624_2.wav,5
cornix_00626_1.wav,2
cornix_00626_2.wav,3
cornix_00626_3.wav,4
cornix_00626_4.wav,1
cornix_00626_5.wav,1
cornix_00627_1.wav,3
cornix_00628_1.wav,5
cornix_00629_1.wav,1
cornix_00629_2.wav,1
cornix_00630_1.wav,1
cornix_00631_1.wav,6
cornix_00632_1.wav,3
cornix_00632_2.wav,4
cornix_00632_3.wav,1
cornix_00633_1.wav,2
cornix_00633_2.wav,5
cornix_00633_3.wav,3
cornix_00634_1.wav,4
cornix_00634_2.wav,4
cornix_00634_3.wav,1
cornix_00635_1.wav,2
cornix_00635_2.wav,2
cornix_00635_3.wav,2
cornix_00636_1.wav,5
cornix_00636_2.wav,7
cornix_00636_3.wav,7
cornix_00637_1.wav,4
cornix_00637_2.wav,4
cornix_00637_3.wav,2
cornix_00637_4.wav,4
cornix_00638_1.wav,2
cornix_00639_1.wav,4
cornix_00640_1.wav,7
cornix_00640_2.wav,3
cornix_00640_3.wav,4
cornix_00641_1.wav,2
cornix_00641_2.wav,1
cornix_00641_3.wav,2
cornix_00642_1.wav,6
cornix_00643_1.wav,6
cornix_00644_1.wav,2
cornix_00644_2.wav,2
cornix_00646_1.wav,2
cornix_00647_1.wav,4
cornix_00647_2.wav,1
cornix_00647_3.wav,2
cornix_00648_1.wav,3
cornix_00648_2.wav,4
cornix_00649_1.wav,1
cornix_00649_2.wav,2
cornix_00649_3.wav,5
cornix_00651_1.wav,4
cornix_00651_2.wav,3
cornix_00652_1.wav,5
cornix_00652_2.wav,3
cornix_00652_3.wav,3
cornix_00653_1.wav,4
cornix_00654_1.wav,2
cornix_00655_1.wav,2
cornix_00655_2.wav,2
cornix_00656_1.wav,1
cornix_00657_1.wav,2
cornix_00657_2.wav,1
cornix_00657_3.wav,3
cornix_00658_1.wav,2
cornix_00658_2.wav,4
cornix_00658_3.wav,1
cornix_00661_1.wav,3
cornix_00662_1.wav,6
cornix_00663_1.wav,5
cornix_00664_1.wav,6
cornix_00664_2.wav,3
cornix_00665_1.wav,1
cornix_00666_1.wav,1
cornix_00667_1.wav,1
cornix_00669_1.wav,4
cornix_00669_2.wav,4
cornix_00669_3.wav,4
cornix_00671_1.wav,4
cornix_00672_1.wav,1
cornix_00674_1.wav,1
cornix_00674_2.wav,1
cornix_00674_3.wav,1
cornix_00674_4.wav,2
cornix_00675_1.wav,2
cornix_00676_1.wav,5
cornix_00678_1.wav,5
cornix_00680_1.wav,5
cornix_00680_2.wav,2
cornix_00681_1.wav,2
cornix_00682_1.wav,4
cornix_00683_1.wav,3
cornix_00684_1.wav,1
cornix_00684_2.wav,8
cornix_00684_3.wav,4
cornix_00685_1.wav,2
cornix_00686_1.wav,3
cornix_00688_1.wav,5
cornix_00689_1.wav,4
cornix_00689_2.wav,2
cornix_00690_1.wav,10
cornix_00691_1.wav,2
cornix_00691_2.wav,1
cornix_00692_1.wav,2
cornix_00693_1.wav,4
cornix_00694_1.wav,3
cornix_00695_1.wav,10
cornix_00696_1.wav,4
cornix_00697_1.wav,2
cornix_00697_2.wav,1
cornix_00697_3.wav,7
cornix_00697_4.wav,4
cornix_00697_5.wav,1
cornix_00698_1.wav,6
cornix_00698_2.wav,1
cornix_00698_3.wav,9
cornix_00698_4.wav,3
cornix_00698_5.wav,4
cornix_00698_6.wav,6
cornix_00699_1.wav,2
cornix_00699_2.wav,5
cornix_00701_1.wav,1
cornix_00702_1.wav,3
cornix_00703_1.wav,8
cornix_00704_1.wav,3
cornix_00705_1.wav,1
cornix_00706_1.wav,2
cornix_00706_2.wav,5
cornix_00706_3.wav,2
cornix_00706_4.wav,4
cornix_00706_5.wav,1
cornix_00706_6.wav,4
cornix_00707_1.wav,2
cornix_00708_1.wav,5
cornix_00709_1.wav,2
cornix_00710_1.wav,3
cornix_00711_1.wav,3
cornix_00711_2.wav,2
cornix_00711_3.wav,3
cornix_00712_1.wav,7
cornix_00713_1.wav,7
cornix_00713_2.wav,2
cornix_00713_3.wav,1
cornix_00714_1.wav,2
cornix_00714_2.wav,2
cornix_00715_1.wav,3
cornix_00716_1.wav,3
cornix_00716_2.wav,2
cornix_00717_1.wav,2
cornix_00717_2.wav,3
cornix_00717_3.wav,1
cornix_00717_4.wav,1
cornix_00718_1.wav,2
